{"cameraMode":{"drawMode":0,"name":"Shaded","section":"Shading Mode"},"sceneLighting":true,"audioPlay":false,"sceneViewState":{"m_AlwaysRefresh":false,"showFog":true,"showSkybox":true,"showFlares":true,"showImageEffects":true,"showParticleSystems":true,"showVisualEffectGraphs":true,"m_FxEnabled":true},"in2DMode":false,"pivot":{"x":-114.87982177734375,"y":-16.400348663330079,"z":-2.6146507263183595},"rotation":{"x":0.1742040365934372,"y":-0.5526444911956787,"z":0.11940378695726395,"w":0.8062784671783447},"size":177.63674926757813,"orthographic":false}