{"cameraMode":{"drawMode":0,"name":"Shaded","section":"Shading Mode"},"sceneLighting":true,"audioPlay":false,"sceneViewState":{"m_AlwaysRefresh":false,"showFog":true,"showSkybox":true,"showFlares":true,"showImageEffects":true,"showParticleSystems":true,"showVisualEffectGraphs":true,"m_FxEnabled":true},"in2DMode":false,"pivot":{"x":-27.80105209350586,"y":21.77642059326172,"z":10.547043800354004},"rotation":{"x":0.0054170205257833,"y":0.9946008920669556,"z":-0.08330518007278443,"w":0.06271389871835709},"size":27.177467346191408,"orthographic":true}