{"cameraMode":{"drawMode":0,"name":"Shaded","section":"Shading Mode"},"sceneLighting":true,"audioPlay":false,"sceneViewState":{"m_AlwaysRefresh":false,"showFog":true,"showSkybox":true,"showFlares":true,"showImageEffects":true,"showParticleSystems":true,"showVisualEffectGraphs":true,"m_FxEnabled":true},"in2DMode":false,"pivot":{"x":60.44754409790039,"y":-70.38851165771485,"z":109.07087707519531},"rotation":{"x":0.32507359981536868,"y":0.3587992191314697,"z":-0.13475273549556733,"w":0.8646141886711121},"size":303.71868896484377,"orthographic":true}