{"cameraMode":{"drawMode":0,"name":"Shaded","section":"Shading Mode"},"sceneLighting":true,"audioPlay":false,"sceneViewState":{"m_AlwaysRefresh":false,"showFog":true,"showSkybox":true,"showFlares":true,"showImageEffects":true,"showParticleSystems":true,"showVisualEffectGraphs":true,"m_FxEnabled":true},"in2DMode":false,"pivot":{"x":121.25720977783203,"y":14.908852577209473,"z":149.22317504882813},"rotation":{"x":0.1000756099820137,"y":-0.4343527555465698,"z":0.04757242277264595,"w":0.8942345380783081},"size":4.761259078979492,"orthographic":false}