{"cameraMode":{"drawMode":0,"name":"Shaded","section":"Shading Mode"},"sceneLighting":true,"audioPlay":false,"sceneViewState":{"m_AlwaysRefresh":false,"showFog":true,"showSkybox":true,"showFlares":true,"showImageEffects":true,"showParticleSystems":true,"showVisualEffectGraphs":true,"m_FxEnabled":true},"in2DMode":false,"pivot":{"x":-0.5244896411895752,"y":0.2560431957244873,"z":3.3155696392059328},"rotation":{"x":-0.16411931812763215,"y":-0.26653584837913515,"z":0.046114955097436908,"w":-0.9486398696899414},"size":10.786763191223145,"orthographic":false}